time/fps,time/iterations,time/time_elapsed,time/total_timesteps,train/policy_gradient_loss,train/clip_range,train/loss,train/clip_fraction,train/learning_rate,train/entropy_loss,train/approx_kl,train/n_updates,train/explained_variance,train/value_loss
463,1,4,2048,,,,,,,,,,
413,2,9,4096,-0.04133828464837279,0.2,-0.03493791073560715,0.170361328125,0.0003,-1.0894320599734784,0.018628173,10,-0.4850555658340454,0.1715592785330955
408,3,15,6144,-0.07020156142825726,0.2,-0.12066005170345306,0.2796875,0.0003,-1.0664876636117697,0.02999195,20,-0.2139122486114502,0.08053341327176895
408,4,20,8192,-0.07283546638209373,0.2,-0.12611638009548187,0.307861328125,0.0003,-1.043349204212427,0.03077108,30,-0.0032591819763183594,0.057779512672277634
411,5,24,10240,-0.08344628245686181,0.2,-0.07418979704380035,0.356005859375,0.0003,-1.0159164717420937,0.037816364,40,-0.06423354148864746,0.07843150681583211
415,6,29,12288,-0.06224969658651389,0.2,-0.06948825716972351,0.344140625,0.0003,-0.9927808482199907,0.03699217,50,-0.023136019706726074,0.07654799935698975
414,7,34,14336,-0.06812197733088396,0.2,-0.08975300192832947,0.37041015625,0.0003,-0.9878248939290643,0.037916645,60,0.0004795193672180176,0.07418015777948313
413,8,39,16384,-0.08836616043990944,0.2,-0.11739905923604965,0.415283203125,0.0003,-0.9311641801148653,0.052678004,70,0.23631662130355835,0.037467569005093536
414,9,44,18432,-0.08790159752825275,0.2,-0.11577671021223068,0.420263671875,0.0003,-0.9024642765522003,0.057030417,80,0.20573174953460693,0.041738074462045915
414,10,49,20480,-0.08252556108636781,0.2,-0.10588081181049347,0.40302734375,0.0003,-0.8651011837646365,0.055733904,90,0.02276027202606201,0.04333063680096529
416,11,54,22528,-0.0741502816323191,0.2,-0.11910012364387512,0.3734375,0.0003,-0.8293236821889878,0.053471014,100,0.44363081455230713,0.03883858390181558
413,12,59,24576,-0.0810533408948686,0.2,-0.11101385951042175,0.391796875,0.0003,-0.8034647649154067,0.066216744,110,-0.15150117874145508,0.03974467956431908
412,13,64,26624,-0.06322767673409543,0.2,-0.0920129269361496,0.429443359375,0.0003,-0.8425839129835367,0.06824282,120,-0.13875877857208252,0.10265628853230738
413,14,69,28672,-0.08119477548752911,0.2,-0.10476541519165039,0.4296875,0.0003,-0.7827007852494716,0.07488728,130,-0.08229625225067139,0.038037992709723766
413,15,74,30720,-0.08009057221934199,0.2,-0.12473424524068832,0.399365234375,0.0003,-0.7590069130063057,0.07210159,140,0.23606514930725098,0.026541522949264616
414,16,79,32768,-0.07787851670291275,0.2,-0.08519671112298965,0.402587890625,0.0003,-0.7151679018512368,0.08795388,150,0.27986592054367065,0.044270821154350416
414,17,83,34816,-0.0708323521685088,0.2,-0.11764057725667953,0.385986328125,0.0003,-0.700346065685153,0.088261805,160,0.04630255699157715,0.03782863381784409
414,18,89,36864,-0.05969882602803409,0.2,-0.06854227185249329,0.382421875,0.0003,-0.6930938404053449,0.09470838,170,0.2631959915161133,0.06224837983754696
413,19,94,38912,-0.07139676347433124,0.2,-0.11063501983880997,0.399560546875,0.0003,-0.6417762601748109,0.10425013,180,0.09131580591201782,0.05142474984168075
412,20,99,40960,-0.07700014703441412,0.2,-0.08731386810541153,0.414990234375,0.0003,-0.6633812481537461,0.10842405,190,0.23577821254730225,0.02955834050444537
413,21,104,43008,-0.08015763724106365,0.2,-0.10462470352649689,0.408740234375,0.0003,-0.6750958949327469,0.10602653,200,0.022437632083892822,0.023608749904087744
414,22,108,45056,-0.06938212067034329,0.2,-0.0991801992058754,0.37861328125,0.0003,-0.5985613608732819,0.111322306,210,0.1967310905456543,0.04014354099927005
413,23,113,47104,-0.06467813479248434,0.2,-0.1143072322010994,0.35419921875,0.0003,-0.5710812210105359,0.10860711,220,0.17143017053604126,0.03988183105393546
413,24,118,49152,-0.0593284967384534,0.2,-0.056884050369262695,0.394921875,0.0003,-0.6065049692988396,0.11043739,230,0.43171197175979614,0.07369443927309476
413,25,123,51200,-0.06687296850723215,0.2,-0.11355668306350708,0.394482421875,0.0003,-0.6080100111663341,0.12143346,240,0.32657837867736816,0.043729802456800825
414,26,128,53248,-0.07229854339384474,0.2,-0.10078785568475723,0.396240234375,0.0003,-0.582300971634686,0.13484433,250,0.41304928064346313,0.035993438480363696
413,27,133,55296,-0.06777766181039624,0.2,-0.09904910624027252,0.38564453125,0.0003,-0.5760410003364086,0.14086623,260,-0.11542975902557373,0.04116360854823142
413,28,138,57344,-0.050379900363623165,0.2,-0.06370148807764053,0.360400390625,0.0003,-0.5385438077151775,0.12798285,270,0.5248062610626221,0.05690898430912057
413,29,143,59392,-0.059067510924069214,0.2,-0.08397725969552994,0.377294921875,0.0003,-0.5438955164514482,0.13497122,280,0.2849704623222351,0.07840635838219896
413,30,148,61440,-0.06558580900600645,0.2,-0.07432735711336136,0.375634765625,0.0003,-0.5830725813284516,0.12290717,290,-0.10625243186950684,0.04573163459281204
413,31,153,63488,-0.07400126781431027,0.2,-0.10596281290054321,0.404931640625,0.0003,-0.5742012159898877,0.13204542,300,-0.47033584117889404,0.02877122291829437
413,32,158,65536,-0.0623364996194141,0.2,-0.089882031083107,0.382958984375,0.0003,-0.5170349480584264,0.15499753,310,-0.24079978466033936,0.04307273514277767
413,33,163,67584,-0.060848440043628216,0.2,-0.08838560432195663,0.37255859375,0.0003,-0.5362491236999631,0.122605704,320,-0.42799806594848633,0.03139056988293305
412,34,168,69632,-0.06567808824474923,0.2,-0.08655929565429688,0.39462890625,0.0003,-0.5176263206638396,0.1551643,330,0.0814967155456543,0.03679409195901826
411,35,174,71680,-0.06672698229085654,0.2,-0.09035604447126389,0.382958984375,0.0003,-0.516373876761645,0.14671466,340,0.06294643878936768,0.04503395803767489
411,36,179,73728,-0.059347676095785576,0.2,-0.10112696886062622,0.3751953125,0.0003,-0.49391196658834813,0.16326526,350,0.2070367932319641,0.06525202727643772
411,37,183,75776,-0.06188765152473934,0.2,-0.08639974892139435,0.378515625,0.0003,-0.529883938934654,0.15232252,360,0.08025038242340088,0.04128521797683789
411,38,189,77824,-0.0632348532191827,0.2,-0.08422835916280746,0.37392578125,0.0003,-0.5095590901561081,0.14506638,370,-0.06858742237091064,0.039846355673216746
411,39,194,79872,-0.059786600363440814,0.2,-0.09009288251399994,0.391943359375,0.0003,-0.4885665132664144,0.18635696,380,-0.2758615016937256,0.04369587023975328
410,40,199,81920,-0.04683160660788417,0.2,-0.08400903642177582,0.3755859375,0.0003,-0.5072546053677798,0.15232296,390,-0.22936654090881348,0.043473767831164876
410,41,204,83968,-0.06244336750532966,0.2,-0.09245941787958145,0.39326171875,0.0003,-0.4852089123800397,0.20750286,400,-0.2724100351333618,0.04713739306243951
410,42,209,86016,-0.06358745737816207,0.2,-0.0975952073931694,0.37255859375,0.0003,-0.4983406635001302,0.15193567,410,0.021991610527038574,0.07494830105570145
410,43,214,88064,-0.055810746698989534,0.2,-0.0911795049905777,0.38935546875,0.0003,-0.48291503861546514,0.17714512,420,0.06710267066955566,0.0909612107614521
410,44,219,90112,-0.05449163211160339,0.2,-0.06102784723043442,0.353125,0.0003,-0.479347440879792,0.17917395,430,-0.12192320823669434,0.06128597147762775
410,45,224,92160,-0.05970408931607381,0.2,-0.10448042303323746,0.36748046875,0.0003,-0.5095755468122661,0.15277755,440,0.07572323083877563,0.03794926530099474
408,46,230,94208,-0.05576523939380422,0.2,-0.0651191771030426,0.35546875,0.0003,-0.4707225117832422,0.16441731,450,0.07826030254364014,0.03680029854440363
408,47,235,96256,-0.056970268522854896,0.2,-0.07912419736385345,0.39033203125,0.0003,-0.48402227703481915,0.17450032,460,-0.25009024143218994,0.03859575598617084
405,48,242,98304,-0.05455019746732433,0.2,-0.08443627506494522,0.368701171875,0.0003,-0.48432501647621395,0.17084448,470,-0.6712174415588379,0.03171650167496409
405,49,247,100352,-0.054449943476356566,0.2,-0.060999903827905655,0.350244140625,0.0003,-0.43602510923519733,0.17162709,480,-0.22899067401885986,0.06795168264507083
404,50,252,102400,-0.06130718833883293,0.2,-0.11323359608650208,0.36875,0.0003,-0.4284178138710558,0.20281476,490,-0.25250041484832764,0.0493152607275988
405,51,257,104448,-0.059096091805258766,0.2,-0.09694686532020569,0.364892578125,0.0003,-0.45391504671424626,0.2062378,500,-0.09897959232330322,0.1019479329494061
405,52,262,106496,-0.06470753079047427,0.2,-0.0823104977607727,0.377978515625,0.0003,-0.44862896408885716,0.1999132,510,0.23799103498458862,0.05630953641521046
405,53,267,108544,-0.061815129686146976,0.2,-0.07898207008838654,0.37431640625,0.0003,-0.4821443379856646,0.16868412,520,-0.48987090587615967,0.03845261421083705
405,54,272,110592,-0.06533110094605946,0.2,-0.10499304533004761,0.37119140625,0.0003,-0.4363371296785772,0.20976163,530,0.3794328570365906,0.029957638801715803
404,55,278,112640,-0.05843517032917589,0.2,-0.09387960284948349,0.380224609375,0.0003,-0.45959411514922976,0.19559988,540,-0.6686248779296875,0.04834602102491772
404,56,283,114688,-0.055622503202175724,0.2,-0.0873894989490509,0.361083984375,0.0003,-0.441419901419431,0.2008967,550,0.03366273641586304,0.03514723325206433
404,57,288,116736,-0.053254529664991425,0.2,-0.06185884028673172,0.34951171875,0.0003,-0.41839908668771386,0.18934307,560,-0.05257534980773926,0.04785976563434815
404,58,293,118784,-0.05805679553013761,0.2,-0.06994163244962692,0.353369140625,0.0003,-0.4051938929595053,0.21564476,570,0.2322084903717041,0.04758319107058924
404,59,298,120832,-0.05849167479609605,0.2,-0.0752229318022728,0.361865234375,0.0003,-0.4158560219220817,0.1944724,580,0.31191396713256836,0.09320450486848131
404,60,303,122880,-0.06578893339610659,0.2,-0.07932839542627335,0.373974609375,0.0003,-0.4133060133084655,0.25509694,590,0.39114707708358765,0.04565596980828559
402,61,310,124928,-0.056802513284492304,0.2,-0.0747990533709526,0.345556640625,0.0003,-0.4021210568025708,0.196471,600,-0.6737461090087891,0.035037333793297876
401,62,315,126976,-0.05918551402282901,0.2,-0.08893357217311859,0.3486328125,0.0003,-0.38690465986728667,0.22235027,610,0.24594193696975708,0.034910526187741195
401,63,321,129024,-0.048411250187200494,0.2,-0.07312033325433731,0.342431640625,0.0003,-0.3897395567968488,0.16538033,620,-0.36469173431396484,0.04559915021818597
401,64,326,131072,-0.052834164517116734,0.2,-0.07840217649936676,0.3515625,0.0003,-0.3968217346817255,0.21673572,630,0.4815598130226135,0.03802979968022555
400,65,332,133120,-0.05573716905200854,0.2,-0.08474812656641006,0.331005859375,0.0003,-0.3761694368906319,0.21156442,640,0.4265561103820801,0.058280610834481196
399,66,338,135168,-0.05343702735845,0.2,-0.07983913272619247,0.3125,0.0003,-0.37220193753018976,0.1703818,650,-0.056969642639160156,0.06677372673875652
398,67,344,137216,-0.055043980883783664,0.2,-0.07736080884933472,0.35712890625,0.0003,-0.3853955530561507,0.22426951,660,0.16603010892868042,0.06598600780998823
397,68,350,139264,-0.0516489149275003,0.2,-0.07526879757642746,0.314990234375,0.0003,-0.36825760193169116,0.18816878,670,0.009826362133026123,0.051554874118301085
396,69,356,141312,-0.05077893204288557,0.2,-0.0663367360830307,0.3193359375,0.0003,-0.3723041996359825,0.21074884,680,-0.058458924293518066,0.034444534407521134
396,70,361,143360,-0.054803106827603185,0.2,-0.08644406497478485,0.33876953125,0.0003,-0.38475827779620886,0.20883968,690,-0.06715357303619385,0.0374507630156586
396,71,366,145408,-0.04982824657636229,0.2,-0.0937243103981018,0.362744140625,0.0003,-0.41921571027487514,0.18373753,700,0.3482058644294739,0.038590984241454865
395,72,372,147456,-0.05804901864903513,0.2,-0.08360923081636429,0.36845703125,0.0003,-0.38610033690929413,0.26218545,710,0.3403281569480896,0.044176218725624494
395,73,377,149504,-0.05421479094366077,0.2,-0.09934307634830475,0.350927734375,0.0003,-0.3875299154780805,0.22789474,720,0.09045028686523438,0.046225061643053775
393,74,385,151552,-0.04831202333443798,0.2,-0.08101829141378403,0.31015625,0.0003,-0.3574102090205997,0.19814944,730,0.40522313117980957,0.09505374888540245
391,75,392,153600,-0.060611520282691345,0.2,-0.07950302213430405,0.353564453125,0.0003,-0.3651354375295341,0.24608274,740,0.10528069734573364,0.06232057151792105
391,76,397,155648,-0.0544961569015868,0.2,-0.09817775338888168,0.338818359375,0.0003,-0.3488629446364939,0.26928324,750,-0.09755003452301025,0.049455454132112206
390,77,404,157696,-0.056517945378436706,0.2,-0.08529473841190338,0.3451171875,0.0003,-0.37239783015102146,0.21531934,760,-0.5828912258148193,0.03546237528353231
388,78,410,159744,-0.05588646035757847,0.2,-0.08552758395671844,0.340869140625,0.0003,-0.38410055423155426,0.229555,770,-0.18945002555847168,0.05119835730292834
388,79,416,161792,-0.04668472688645124,0.2,-0.052578672766685486,0.3544921875,0.0003,-0.39093239810317754,0.21967867,780,-0.012244105339050293,0.04240620800992474
388,80,421,163840,-0.05237080133811105,0.2,-0.04242933541536331,0.342822265625,0.0003,-0.3767391301691532,0.22559753,790,0.18988037109375,0.042391415788733865
387,81,427,165888,-0.05498271304240916,0.2,-0.07810549437999725,0.35263671875,0.0003,-0.38397216573357584,0.20077834,800,0.2907695174217224,0.046262267541897016
387,82,433,167936,-0.04939684941782616,0.2,-0.0506785549223423,0.322509765625,0.0003,-0.3635186028666794,0.2168397,810,0.5264705419540405,0.09810765894653742
387,83,438,169984,-0.05994663171004504,0.2,-0.08120349049568176,0.338818359375,0.0003,-0.35188826476223767,0.26959044,820,0.23141580820083618,0.05800089122785721
387,84,443,172032,-0.051656566094607115,0.2,-0.0734822079539299,0.337353515625,0.0003,-0.368003851082176,0.22479558,830,0.18404620885849,0.040607242241094355
387,85,448,174080,-0.05700615387759171,0.2,-0.09258349239826202,0.340771484375,0.0003,-0.36029710732400416,0.21105921,840,0.01625150442123413,0.03160703440225916
388,86,453,176128,-0.05368389390059747,0.2,-0.06389237195253372,0.353564453125,0.0003,-0.3822417868301272,0.20949522,850,0.026195883750915527,0.04413154455542099
387,87,459,178176,-0.05370460752164945,0.2,-0.06548355519771576,0.352099609375,0.0003,-0.38366159573197367,0.21410027,860,0.26499319076538086,0.03853501125413459
388,88,464,180224,-0.05434612962417305,0.2,-0.07222621142864227,0.355419921875,0.0003,-0.3901742834597826,0.23080014,870,0.22003918886184692,0.05358483019808773
387,89,470,182272,-0.05073584407800809,0.2,-0.04410301521420479,0.313916015625,0.0003,-0.33893294651061295,0.20147362,880,0.2842915654182434,0.04603964771376923
387,90,475,184320,-0.05569793711765669,0.2,-0.0718168094754219,0.3404296875,0.0003,-0.36005969662219284,0.22560686,890,0.42098677158355713,0.07992177932173945
386,91,481,186368,-0.055505450602504426,0.2,-0.07068552821874619,0.338427734375,0.0003,-0.3425409131683409,0.25615454,900,0.23450255393981934,0.06388064501807093
385,92,488,188416,-0.05051707715902012,0.2,-0.05572985112667084,0.326513671875,0.0003,-0.3736014999449253,0.22640024,910,0.12625378370285034,0.03341821720241569
384,93,494,190464,-0.054586070514051246,0.2,-0.08501116186380386,0.33046875,0.0003,-0.33768122442997994,0.24136758,920,0.1033639907836914,0.04689300118479878
384,94,500,192512,-0.04980239006399643,0.2,-0.08886675536632538,0.361865234375,0.0003,-0.3935293254442513,0.22214428,930,-0.07981538772583008,0.05127827161049936
384,95,505,194560,-0.05035834137524944,0.2,-0.058617234230041504,0.3419921875,0.0003,-0.39004799760878084,0.20143583,940,0.016239285469055176,0.050989365472923966
384,96,511,196608,-0.04987548212811817,0.2,-0.07750064879655838,0.32197265625,0.0003,-0.35570537894964216,0.19689679,950,0.03945380449295044,0.07589754550717771
384,97,516,198656,-0.05203459257609211,0.2,-0.07620164006948471,0.32431640625,0.0003,-0.333191437786445,0.2175788,960,0.16888821125030518,0.059278751478996125
384,98,522,200704,-0.05701327382703312,0.2,-0.07015462964773178,0.337646484375,0.0003,-0.36191761433146896,0.25574616,970,0.3398091793060303,0.0660359828179935
384,99,527,202752,-0.05396565239934716,0.2,-0.08293383568525314,0.32666015625,0.0003,-0.3451604266650975,0.24533308,980,0.4631803631782532,0.04357012052641949
384,100,532,204800,-0.05015080676821526,0.2,-0.067197784781456,0.30419921875,0.0003,-0.3274708106648177,0.22102901,990,0.006280958652496338,0.0350232152530225
384,101,537,206848,-0.05736016694281716,0.2,-0.09497668594121933,0.344140625,0.0003,-0.35382976331748067,0.27335227,1000,-0.137823224067688,0.042997011232364456
385,102,542,208896,-0.04824268466036301,0.2,-0.09048084914684296,0.341259765625,0.0003,-0.37880757488310335,0.22325566,1010,0.05064690113067627,0.04343545750307385
385,103,547,210944,-0.05007682410941925,0.2,-0.07286683470010757,0.335693359375,0.0003,-0.3620233972556889,0.21592435,1020,0.5532594323158264,0.0634689630183857
385,104,552,212992,-0.05175786391482688,0.2,-0.09057604521512985,0.313134765625,0.0003,-0.34510506857186557,0.21095467,1030,-0.13308358192443848,0.06052999799430836
385,105,557,215040,-0.05482277667033486,0.2,-0.05788001790642738,0.34111328125,0.0003,-0.35789223313331603,0.26281607,1040,0.5665191411972046,0.053826312006276564
385,106,562,217088,-0.055116090064984746,0.2,-0.046852849423885345,0.315087890625,0.0003,-0.319973794836551,0.25919586,1050,0.23692452907562256,0.061534827093419155
385,107,568,219136,-0.05220855974184815,0.2,-0.05107925832271576,0.33544921875,0.0003,-0.34615974901244045,0.23675874,1060,0.10244160890579224,0.04263388490362559
385,108,573,221184,-0.054544176181661894,0.2,-0.09225199371576309,0.319970703125,0.0003,-0.3324018808081746,0.19817144,1070,-0.26285994052886963,0.027470445835206192
385,109,579,223232,-0.05102147061843425,0.2,-0.05705324932932854,0.335693359375,0.0003,-0.34223845321685076,0.22807243,1080,-0.21533632278442383,0.047564540518214925
384,110,585,225280,-0.049093934838310815,0.2,-0.0756755992770195,0.35244140625,0.0003,-0.3881115739233792,0.25114465,1090,0.10326939821243286,0.034310494865349025
384,111,591,227328,-0.04970686110318638,0.2,-0.05507613345980644,0.338525390625,0.0003,-0.36553119141608476,0.21505097,1100,0.6660064458847046,0.05569299134222092
383,112,597,229376,-0.05238327445695177,0.2,-0.07390917837619781,0.3220703125,0.0003,-0.34499148321337997,0.19668813,1110,-0.16553282737731934,0.04950674218125641
383,113,603,231424,-0.054909929138375446,0.2,-0.06753197312355042,0.310791015625,0.0003,-0.330581537168473,0.25727814,1120,0.21594154834747314,0.07465414277830859
383,114,608,233472,-0.05798738811572548,0.2,-0.08096088469028473,0.31455078125,0.0003,-0.310620017722249,0.22091213,1130,0.33047980070114136,0.055260004014417066
383,115,613,235520,-0.05069399662024807,0.2,-0.0649958923459053,0.317822265625,0.0003,-0.33578054546378555,0.22687942,1140,-0.19963419437408447,0.04079682005394716
384,116,618,237568,-0.05447604463261087,0.2,-0.08113989233970642,0.332763671875,0.0003,-0.3351080595050007,0.27044868,1150,-0.3586292266845703,0.035360040011437374
384,117,623,239616,-0.045644152676686645,0.2,-0.0892045721411705,0.332763671875,0.0003,-0.3491330317221582,0.26508832,1160,0.04962724447250366,0.04963835319504142
384,118,628,241664,-0.04533361844078172,0.2,-0.07542864233255386,0.311669921875,0.0003,-0.3643766948021948,0.19693676,1170,-0.20306015014648438,0.03294188136351295
384,119,633,243712,-0.04805681282887235,0.2,-0.08679163455963135,0.3205078125,0.0003,-0.3678676995448768,0.18305188,1180,0.6104429960250854,0.05067453670490067
384,120,638,245760,-0.04782166928343941,0.2,-0.06536975502967834,0.318017578125,0.0003,-0.3626657219603658,0.20055196,1190,0.26517629623413086,0.05603968355571851
384,121,643,247808,-0.051996410387801006,0.2,-0.06876357644796371,0.33046875,0.0003,-0.3548583287745714,0.25814116,1200,0.26527082920074463,0.09105584486678708
384,122,649,249856,-0.0506133658986073,0.2,-0.08252731710672379,0.3240234375,0.0003,-0.3292655031196773,0.20924747,1210,-0.32207226753234863,0.057230550574604425
384,123,654,251904,-0.04758893016260117,0.2,-0.07961401343345642,0.321337890625,0.0003,-0.35599028104916214,0.21154872,1220,0.007549762725830078,0.03210305776738096
384,124,660,253952,-0.053559195544221436,0.2,-0.08385101705789566,0.327880859375,0.0003,-0.33623604993335904,0.2754758,1230,-0.5278984308242798,0.037506743663107044
384,125,665,256000,-0.04903729317884427,0.2,-0.061397816985845566,0.32978515625,0.0003,-0.3563142317347229,0.230741,1240,-0.0022580623626708984,0.04790069060982205
384,126,671,258048,-0.05193812260404229,0.2,0.0002036057412624359,0.324755859375,0.0003,-0.3651591232977808,0.21115819,1250,0.6041246056556702,0.039882513586780986
383,127,678,260096,-0.053224253380903974,0.2,-0.09507683664560318,0.319189453125,0.0003,-0.34695555893704294,0.23054129,1260,0.3724864721298218,0.048061499912000726
383,128,683,262144,-0.05026583110156935,0.2,-0.07141922414302826,0.313134765625,0.0003,-0.33730535879731177,0.22565347,1270,0.4987490773200989,0.060475506288639735
383,129,688,264192,-0.05304392740363255,0.2,-0.09073217958211899,0.326806640625,0.0003,-0.3526145085692406,0.2666955,1280,0.2103368043899536,0.07029971347074024
382,130,696,266240,-0.051623657264281066,0.2,-0.06024305522441864,0.313427734375,0.0003,-0.32588015543296933,0.2269126,1290,0.004109382629394531,0.057496700593037534
382,131,702,268288,-0.04950780078652315,0.2,-0.059994690120220184,0.310107421875,0.0003,-0.3335697816219181,0.24904925,1300,-0.10345244407653809,0.03398517729510786
381,132,707,270336,-0.054236267367377876,0.2,-0.045962169766426086,0.322265625,0.0003,-0.3151192486751825,0.242543,1310,-0.27289724349975586,0.03409997099661268
381,133,713,272384,-0.04950840721721761,0.2,-0.08178840577602386,0.33232421875,0.0003,-0.37522326279431584,0.23342483,1320,-0.3786747455596924,0.0543408980302047
381,134,719,274432,-0.04930051499977708,0.2,-0.06255653500556946,0.330419921875,0.0003,-0.33795755365863445,0.26568443,1330,0.7528506517410278,0.05435754935315344
381,135,724,276480,-0.044542550059850326,0.2,-0.051135290414094925,0.309765625,0.0003,-0.32350519341416656,0.24799916,1340,0.4726558327674866,0.06605343671690207
381,136,729,278528,-0.05025565884425305,0.2,-0.06488069146871567,0.318798828125,0.0003,-0.3361156565137208,0.22201279,1350,0.3053297996520996,0.08518771515227855
381,137,735,280576,-0.05379418740922119,0.2,-0.08926692605018616,0.327783203125,0.0003,-0.32657550862059,0.2866776,1360,0.058750927448272705,0.08138249101466499
381,138,740,282624,-0.04486649856553413,0.2,-0.04914150387048721,0.313623046875,0.0003,-0.33345470754429696,0.24182375,1370,0.21747559309005737,0.054290521427174096
381,139,745,284672,-0.04871469521895051,0.2,-0.06775930523872375,0.33740234375,0.0003,-0.3331941183190793,0.24193089,1380,0.22510993480682373,0.038703439985692964
381,140,750,286720,-0.05215876207803376,0.2,-0.0806518942117691,0.325537109375,0.0003,-0.33937430046498773,0.22972375,1390,-0.4932440519332886,0.04076502208772581
382,141,755,288768,-0.041555003763642163,0.2,-0.045095376670360565,0.324267578125,0.0003,-0.37431728672236203,0.20029128,1400,-0.4023313522338867,0.04494146893557627
382,142,761,290816,-0.041325911643798466,0.2,-0.06668823957443237,0.308154296875,0.0003,-0.3435265555977821,0.24090068,1410,0.4847208857536316,0.07765535662183538
382,143,765,292864,-0.054946645762538535,0.2,-0.04433875530958176,0.34423828125,0.0003,-0.37938451766967773,0.23374662,1420,0.190804123878479,0.0632729915829259
382,144,771,294912,-0.053050259227165955,0.2,-0.0712067037820816,0.303515625,0.0003,-0.3275454994291067,0.24954468,1430,0.23151379823684692,0.07808571484929416
382,145,777,296960,-0.0530256863537943,0.2,-0.06917870044708252,0.30673828125,0.0003,-0.3015188813675195,0.28445005,1440,-0.14305508136749268,0.06584418977727183
381,146,782,299008,-0.04692658245767234,0.2,-0.036118604242801666,0.3162109375,0.0003,-0.34508706294000147,1.0502155,1450,-0.19860124588012695,0.052346606468199754
381,147,788,301056,-0.056022828618006316,0.2,-0.07388562709093094,0.335107421875,0.0003,-0.348393782787025,0.23727077,1460,-0.024138927459716797,0.04068984383338829
381,148,794,303104,-0.049007212417200206,0.2,-0.08981245011091232,0.30576171875,0.0003,-0.31803820077329875,0.26270807,1470,-0.4922001361846924,0.050669315809500404
381,149,799,305152,-0.051552957575768235,0.2,-0.07225695252418518,0.330029296875,0.0003,-0.34548293044790623,0.2584426,1480,-0.5386523008346558,0.03959487393440213
381,150,804,307200,-0.04405381985998247,0.2,-0.06851387023925781,0.322412109375,0.0003,-0.33112096395343543,0.27252045,1490,0.4007790684700012,0.08299160071765073
382,151,809,309248,-0.047571184014668685,0.2,-0.05109155923128128,0.314501953125,0.0003,-0.33563336604274807,0.20751806,1500,0.5390234589576721,0.055445237283129244
382,152,814,311296,-0.0483239391585812,0.2,-0.06208155304193497,0.308837890625,0.0003,-0.314773783646524,0.2913106,1510,-0.038504958152770996,0.12738784203538672
382,153,819,313344,-0.045729959884192796,0.2,-0.06785677373409271,0.3029296875,0.0003,-0.2947067483328283,0.27470106,1520,-0.1751922369003296,0.07421692778589203
382,154,824,315392,-0.03913508492260007,0.2,-0.06746610254049301,0.306201171875,0.0003,-0.3220022895373404,0.2421161,1530,0.3606463670730591,0.048697725500096566
382,155,829,317440,-0.05101338686945382,0.2,-0.05328555777668953,0.30986328125,0.0003,-0.30302177774719896,0.32198262,1540,0.20244735479354858,0.04502143959398382
382,156,835,319488,-0.04406805801554583,0.2,-0.03395921736955643,0.31689453125,0.0003,-0.32930335476994516,0.2803328,1550,-0.22207748889923096,0.051620673717116004
382,157,841,321536,-0.04442352462501731,0.2,-0.06619973480701447,0.308203125,0.0003,-0.33053010585717857,0.23727198,1560,0.40988677740097046,0.04036090229346882
382,158,847,323584,-0.04777632144396193,0.2,-0.03877086937427521,0.31767578125,0.0003,-0.3408884746953845,0.26782596,1570,0.6105785369873047,0.06748367674008478
381,159,852,325632,-0.05393424952053465,0.2,-0.0757676437497139,0.320654296875,0.0003,-0.323924767319113,0.23352584,1580,0.5247043967247009,0.07292247235163814
381,160,858,327680,-0.04805720504955389,0.2,-0.048355571925640106,0.31318359375,0.0003,-0.3264569682534784,0.24037835,1590,0.24070298671722412,0.09990421343245544
381,161,864,329728,-0.044749358406988904,0.2,-0.06572695076465607,0.278955078125,0.0003,-0.2807328397873789,0.2234365,1600,0.22250580787658691,0.06282190972997341
381,162,869,331776,-0.042259001964703204,0.2,-0.050067588686943054,0.299609375,0.0003,-0.3182374576572329,0.22594698,1610,0.21018677949905396,0.05302142390573863
381,163,875,333824,-0.0525298385618953,0.2,-0.06679645925760269,0.312109375,0.0003,-0.3011283501982689,0.2739979,1620,-0.09450829029083252,0.03946667700365651
381,164,880,335872,-0.04162575258524157,0.2,-0.07726749032735825,0.320458984375,0.0003,-0.3474535968154669,0.21469133,1630,0.271170973777771,0.043068888067500664
381,165,885,337920,-0.0421164853265509,0.2,-0.06849900633096695,0.30732421875,0.0003,-0.32089239405468106,0.27749845,1640,0.7870863676071167,0.03976319352223072
381,166,891,339968,-0.04979061551275663,0.2,-0.05443301424384117,0.314404296875,0.0003,-0.33010920248925685,0.2410152,1650,0.39595431089401245,0.09510891934623941
381,167,896,342016,-0.0513742963434197,0.2,-0.05950954183936119,0.3056640625,0.0003,-0.32194265103898945,0.2084196,1660,0.1572204828262329,0.06973576560267247
381,168,901,344064,-0.05207649300864432,0.2,-0.06639516353607178,0.319091796875,0.0003,-0.3051536448765546,0.2846502,1670,0.2748703360557556,0.06937225617875811
381,169,906,346112,-0.04424075811402872,0.2,-0.053578998893499374,0.282080078125,0.0003,-0.285299585852772,0.2627931,1680,0.2572627663612366,0.0576149435742991
381,170,911,348160,-0.041009525055415,0.2,-0.05774054303765297,0.2953125,0.0003,-0.28559309532865884,0.25834656,1690,0.14691698551177979,0.04570283273351379
382,171,916,350208,-0.050220751168671994,0.2,-0.07785728573799133,0.303369140625,0.0003,-0.31926450189203026,0.25360453,1700,0.10686790943145752,0.04857840309268795
381,172,922,352256,-0.042564125967328434,0.2,-0.044025614857673645,0.290576171875,0.0003,-0.3288344002328813,0.19168627,1710,-0.19170928001403809,0.05397864026599564
381,173,928,354304,-0.042005630474886854,0.2,-0.08193890750408173,0.28857421875,0.0003,-0.30039601600728927,0.26241058,1720,0.6043805480003357,0.05317445277323714
381,174,933,356352,-0.05051029484893661,0.2,-0.08248288929462433,0.30361328125,0.0003,-0.3114447213243693,0.26245326,1730,0.30503833293914795,0.06221142483991571
381,175,939,358400,-0.049404813605360684,0.2,-0.05977487191557884,0.298876953125,0.0003,-0.3021000749897212,0.2510404,1740,0.07987838983535767,0.06371361868514214
381,176,944,360448,-0.05116563890769612,0.2,-0.07935696095228195,0.297265625,0.0003,-0.281827600998804,0.23455818,1750,0.07165014743804932,0.051815120087121615
381,177,950,362496,-0.04093261223461013,0.2,-0.05959715694189072,0.28310546875,0.0003,-0.2905778255779296,0.24507955,1760,0.4714025855064392,0.06496639926335775
381,178,955,364544,-0.047500433208188045,0.2,-0.08102913200855255,0.308251953125,0.0003,-0.303320930339396,0.28247696,1770,0.14476215839385986,0.0392237451771507
381,179,961,366592,-0.04483330556831788,0.2,-0.06412739306688309,0.30146484375,0.0003,-0.32042935872450473,0.2197634,1780,0.057347893714904785,0.05389126693480648
381,180,966,368640,-0.04202994508377742,0.2,-0.05538647994399071,0.301611328125,0.0003,-0.3151675053406507,0.22750257,1790,-0.16078317165374756,0.047729768656427043
381,181,970,370688,-0.04465958702203352,0.2,-0.051634665578603745,0.29072265625,0.0003,-0.30037862360477446,0.22876424,1800,0.42607492208480835,0.06234809474262874
381,182,977,372736,-0.0492848415276967,0.2,-0.0627199187874794,0.295068359375,0.0003,-0.3053686599712819,0.22995555,1810,0.2546011805534363,0.05398976377327926
381,183,981,374784,-0.04861933248175774,0.2,-0.058468520641326904,0.299609375,0.0003,-0.2977392977569252,0.24850309,1820,0.23619109392166138,0.0653840960614616
381,184,986,376832,-0.044955538545036686,0.2,-0.044883158057928085,0.28095703125,0.0003,-0.2722722516395152,0.38294265,1830,0.45502030849456787,0.050723023025784644
381,185,992,378880,-0.0414979184686672,0.2,-0.07041037082672119,0.301171875,0.0003,-0.29435565136373043,0.28046846,1840,0.5253366827964783,0.039374887662415856
382,186,997,380928,-0.052768216835102064,0.2,-0.06661108881235123,0.310791015625,0.0003,-0.3032771111931652,0.2933646,1850,0.5623987913131714,0.04203575714782346
381,187,1002,382976,-0.044808022322831674,0.2,-0.057807713747024536,0.302001953125,0.0003,-0.3284707678481936,0.2209011,1860,0.47806495428085327,0.0452078000002075
382,188,1007,385024,-0.0467838224460138,0.2,-0.053902409970760345,0.302685546875,0.0003,-0.32873927652835844,0.22234073,1870,0.21487754583358765,0.038106952988891864
381,189,1013,387072,-0.04494229422416538,0.2,-0.041216231882572174,0.301220703125,0.0003,-0.31298433197662234,0.24969476,1880,0.3879634141921997,0.07403179579705466
381,190,1019,389120,-0.04593191404128447,0.2,-0.056639641523361206,0.281494140625,0.0003,-0.2887130744755268,0.22225189,1890,0.045353829860687256,0.06400305227580247
381,191,1026,391168,-0.04990433375351131,0.2,-0.05167704075574875,0.30263671875,0.0003,-0.31720741125755014,0.23185858,1900,-0.13762187957763672,0.10022146875271573
380,192,1032,393216,-0.05290826573036611,0.2,-0.0626574158668518,0.295947265625,0.0003,-0.2845404129475355,0.28923237,1910,-0.10471749305725098,0.05892512430145871
380,193,1038,395264,-0.042616063277819194,0.2,-0.05621828883886337,0.278564453125,0.0003,-0.2990149256773293,0.24507327,1920,-0.29013991355895996,0.043781809485517444
380,194,1043,397312,-0.05057022097171284,0.2,-0.05784275382757187,0.288427734375,0.0003,-0.26949882064945996,0.27644765,1930,-0.11948490142822266,0.040510539458773566
380,195,1049,399360,-0.04570763500232715,0.2,-0.059162579476833344,0.2798828125,0.0003,-0.30464437142945827,0.218998,1940,-0.24730849266052246,0.045749577722745016
380,196,1054,401408,-0.043681185506284234,0.2,-0.0646921694278717,0.28935546875,0.0003,-0.2890633481554687,0.26410124,1950,0.07133996486663818,0.05143912514322437
380,197,1059,403456,-0.042558373302745166,0.2,-0.02919745445251465,0.2744140625,0.0003,-0.28961226376704874,0.20945981,1960,0.08667910099029541,0.09234643583477009
